{
  "interactionModel": {
    "languageModel": {
      "invocationName": "dogri translator",
      "intents": [
        {
          "name": "AMAZON.CancelIntent",
          "samples": [
            "cancel",
            "cancel it"
          ]
        },
        {
          "name": "AMAZON.HelpIntent",
          "samples": [
            "help",
            "help me",
            "how to use dogri translator",
            "how to use it",
            "help me with dogri translator",
            "please help",
            "can you tell me how to use dogri translator"
          ]
        },
        {
          "name": "HowAreYouIntent",
          "slots": [],
          "samples": [
            "how to say how are you in dogri",
            "translate how are you in dogri",
            "how i can say how are you in dogri",
            "what to say to ask someone that how are you in dogri"
          ]
        },
        {
          "name": "TellIntent",
          "slots": [],
          "samples": [
            "tell me about MIET",
            "tell me something about miet"
          ]
        },
        {
          "name": "AMAZON.StopIntent",
          "samples": [
            "stop",
            "exit"
          ]
        },
        {
          "name": "AboutIntent",
          "slots": [],
          "samples": [
            "what is your name",
            "who are you",
            "tell me about yourself",
            "tell me who are you"
          ]
        },
        {
          "name": "TransIntent",
          "slots": [],
          "samples": [
            "how to say fan in dogri",
            "translate fan in dogri",
            "how i can say fan in dogri",
            "what to say fan in dogri"
          ]
        },
        {
          "name": "WhichIntent",
          "slots": [],
          "samples": [
            "how to say watch in dogri",
            "translate watch in dogri",
            "how i can say watch in dogri",
            "what to say watch in dogri"
          ]
        },
        {
          "name": "PhoneIntent",
          "slots": [],
          "samples": [
            "how to say my phone is ringing in dogri",
            "translate my phone is ringing in dogri",
            "how i can say my phone is ringing in dogri",
            "what to say my phone is ringing in dogri"
          ]
        },
        {
          "name": "LivingIntent",
          "slots": [],
          "samples": [
            "how to say i am living in delhi in dogri",
            "translate i am living in delhi in dogri",
            "how i can say i am living in delhiin dogri",
            "what to say i am living in delhi in dogri"
          ]
        },
        {
          "name": "MeaningIntent",
          "slots": [],
          "samples": [
            "how to say sugar in dogri",
            "translate sugar in dogri",
            "how i can say sugar in dogri",
            "what to say sugar in dogri"
          ]
        },
        {
          "name": "WhatIntent",
          "slots": [],
          "samples": [
            "how to say what are you doing in dogri",
            "translate what are you doing in dogri",
            "how i can say what are you doing in dogri",
            "what to say to ask someone that what are you doing in dogri"
          ]
        },
        {
          "name": "HelloWorldIntent",
          "slots": [],
          "samples": [
            "hello",
            "how are you",
            "say hi world",
            "say hi",
            "hi",
            "say hello world",
            "say hello"
          ]
        },
        {
          "name": "AMAZON.NavigateHomeIntent",
          "samples": []
        }
      ],
      "types": []
    }
  },
  "version": "6"
}